,City,Country,Lat,Lng,Max Temp,Humidity,Cloudiness,Wind Speed,Weather Description
0,Alofi,NU,-19.0595,-169.9187,78.69,83,52,5.75,broken clouds
1,Ushuaia,AR,-54.8,-68.3,53.26,58,75,5.75,broken clouds
2,Richards Bay,ZA,-28.783,32.0377,70.97,95,4,5.17,clear sky
3,Vaini,TO,-21.2,-175.2,80.76,94,75,8.05,light intensity drizzle
4,Kaeo,NZ,-35.1,173.7833,72.32,70,24,13.73,few clouds
5,Avarua,CK,-21.2078,-159.775,80.65,69,75,6.91,broken clouds
6,Saint-Augustin,CA,51.226,-58.6502,10.72,84,100,6.69,overcast clouds
7,Arraial Do Cabo,BR,-22.9661,-42.0278,74.43,90,94,24.34,overcast clouds
8,San Patricio,US,28.017,-97.5169,69.89,72,74,19.86,broken clouds
9,Peniche,PT,39.3558,-9.3811,56.1,72,100,20.54,overcast clouds
10,Barrow,US,71.2906,-156.7887,-16.58,76,100,17.27,haze
11,Busselton,AU,-33.65,115.3333,68.65,48,0,16.28,clear sky
12,Lata,PT,40.1629,-8.3327,54.07,78,100,11.16,overcast clouds
13,Klaksvik,FO,62.2266,-6.589,29.32,84,100,28.01,snow
14,Paamiut,GL,61.994,-49.6678,13.35,82,100,26.15,snow
15,Saint George,US,37.1041,-113.5841,48.94,64,0,10.36,clear sky
16,Esperance,AU,-33.8667,121.9,73.47,72,100,19.33,overcast clouds
17,La Ronge,CA,55.1001,-105.2842,14.25,85,75,2.3,light snow
18,Bengkulu,ID,-3.8004,102.2655,79.95,73,38,1.99,scattered clouds
19,Iqaluit,CA,63.7506,-68.5145,-22.27,74,75,2.3,broken clouds
20,Tasiilaq,GL,65.6145,-37.6368,24.96,82,100,18.34,overcast clouds
21,Rikitea,PF,-23.1203,-134.9692,78.19,73,9,11.54,clear sky
22,Kintampo,GH,8.0563,-1.7306,76.12,18,0,3.36,clear sky
23,Saskylakh,RU,71.9167,114.0833,-44.99,99,100,3.09,overcast clouds
24,Ponta Do Sol,PT,32.6667,-17.1,63.72,72,54,6.82,broken clouds
25,Olafsvik,IS,64.8945,-23.7142,23.54,69,13,14.67,few clouds
26,Vaitape,PF,-16.5167,-151.75,79.05,75,100,19.6,light rain
27,Kavaratti,IN,10.5669,72.642,79.07,71,48,11.23,scattered clouds
28,Chihuahua,MX,28.5,-106.0,64.2,26,100,19.82,overcast clouds
29,Kulhudhuffushi,MV,6.6221,73.07,79.0,72,95,7.58,overcast clouds
30,Falmouth,GB,50.1544,-5.0711,41.9,93,100,13.8,overcast clouds
31,Sheffield,GB,53.383,-1.4659,39.15,85,99,3.53,overcast clouds
32,Mount Isa,AU,-20.7333,139.5,82.17,61,100,12.66,overcast clouds
33,Georgetown,MY,5.4112,100.3354,82.33,92,20,5.75,few clouds
34,Kapaa,US,22.0752,-159.319,80.92,70,0,5.75,clear sky
35,Castro,BR,-24.7911,-50.0119,64.9,97,86,1.79,overcast clouds
36,Talnakh,RU,69.4865,88.3972,-35.32,88,12,6.4,few clouds
37,Half Moon Bay,US,37.4636,-122.4286,50.31,93,100,11.5,mist
38,Kutum,SD,14.2,24.6667,55.85,29,44,6.17,scattered clouds
39,Bluff,NZ,-46.6,168.3333,66.72,63,6,5.61,clear sky
40,Souillac,MU,-20.5167,57.5167,79.18,78,40,12.66,scattered clouds
41,Lagoa,PT,39.05,-27.9833,54.01,59,23,5.3,few clouds
42,Mataura,NZ,-46.1927,168.8643,81.77,30,3,7.27,clear sky
43,Natal,BR,-5.795,-35.2094,79.45,78,20,8.05,few clouds
44,Goderich,CA,43.7501,-81.7165,30.52,51,100,8.05,overcast clouds
45,Longyearbyen,SJ,78.2186,15.6401,17.44,67,40,20.71,scattered clouds
46,Sao Filipe,CV,14.8961,-24.4956,75.29,67,69,5.7,broken clouds
47,Grand-Santi,GF,4.25,-54.3833,70.56,99,96,2.17,overcast clouds
48,Fortuna,US,40.5982,-124.1573,49.66,89,20,3.0,few clouds
49,Thompson,CA,55.7435,-97.8558,3.36,85,100,5.75,light snow
50,Suntar,RU,62.1444,117.6319,-70.04,100,93,0.78,overcast clouds
51,Rincon,US,32.296,-81.2354,43.86,48,0,0.0,clear sky
52,Pochutla,MX,15.7432,-96.4661,76.82,90,1,2.82,clear sky
53,Kapit,MY,2.0167,112.9333,80.6,79,90,1.07,overcast clouds
54,Zaysan,KZ,47.4667,84.8667,-8.5,88,96,1.45,overcast clouds
55,Tagbac,PH,7.089,125.1567,78.67,87,100,1.7,overcast clouds
56,Ribeira Grande,PT,38.5167,-28.7,50.77,81,16,10.0,few clouds
57,Quatre Cocos,MU,-20.2078,57.7625,78.91,78,31,16.13,scattered clouds
58,Punta Arenas,CL,-53.15,-70.9167,51.91,71,0,25.32,light rain
59,Touros,BR,-5.1989,-35.4608,79.05,77,89,12.77,overcast clouds
60,Jamestown,US,42.097,-79.2353,23.18,71,0,3.44,clear sky
61,Tiksi,RU,71.6872,128.8694,-30.39,100,100,4.41,overcast clouds
62,Lavrentiya,RU,65.5833,-171.0,-5.64,87,97,12.8,overcast clouds
63,Vardo,NO,70.3705,31.1107,33.78,86,100,26.46,light snow
64,Narsaq,GL,60.9167,-46.05,14.22,70,41,17.29,scattered clouds
65,Butaritari,KI,3.0707,172.7902,80.98,78,100,12.71,overcast clouds
66,Oriximina,BR,-1.7656,-55.8661,73.15,93,100,2.8,overcast clouds
67,Meulaboh,ID,4.1363,96.1285,75.56,88,27,3.8,scattered clouds
68,Monterey,US,36.2505,-121.2516,47.17,1,100,6.24,overcast clouds
69,Atuona,PF,-9.8,-139.0333,78.39,73,100,13.2,overcast clouds
70,Albany,US,42.6001,-73.9662,22.37,77,8,5.97,clear sky
71,Malindi,KE,-3.2175,40.1191,76.89,84,69,7.7,broken clouds
72,New Norfolk,AU,-42.7826,147.0587,67.91,36,0,3.0,clear sky
73,Hobart,AU,-42.8794,147.3294,68.27,52,75,11.5,broken clouds
74,Turukhansk,RU,65.8167,87.9833,-19.86,97,100,11.21,overcast clouds
75,Puerto Ayora,EC,-0.7393,-90.3518,75.54,95,26,3.0,scattered clouds
76,Upernavik,GL,72.7868,-56.1549,2.01,73,100,4.18,overcast clouds
77,Belmonte,BR,-15.8631,-38.8828,75.52,81,67,5.5,broken clouds
78,Ilulissat,GL,69.2167,-51.1,14.02,79,100,9.22,light snow
79,Erzin,TR,36.9559,36.2,48.72,86,100,5.82,light rain
80,Norman Wells,CA,65.282,-126.8329,-5.76,84,100,0.0,light snow
81,Severo-Kurilsk,RU,50.6789,156.125,16.86,79,100,26.13,light snow
82,Daitari,IN,21.1,85.75,62.67,83,1,2.66,clear sky
83,Yellowknife,CA,62.456,-114.3525,1.92,85,100,4.61,light snow
84,Acapulco,MX,16.8634,-99.8901,80.42,74,20,3.44,few clouds
85,Leningradskiy,RU,69.3833,178.4167,-30.03,100,65,0.89,broken clouds
86,Zalantun,CN,48.0,122.7167,-2.97,69,100,2.28,overcast clouds
87,Rio Verde De Mato Grosso,BR,-18.9181,-54.8442,73.83,82,36,2.46,scattered clouds
88,Cape Town,ZA,-33.9258,18.4232,70.21,75,0,20.71,clear sky
89,Muros,ES,42.7762,-9.0603,56.08,87,100,26.44,overcast clouds
90,Bethel,US,41.3712,-73.414,35.51,53,0,10.36,clear sky
91,Houma,US,29.5958,-90.7195,57.2,82,90,4.0,overcast clouds
92,Cidreira,BR,-30.1811,-50.2056,73.11,86,93,8.55,overcast clouds
93,Saint-Philippe,RE,-21.3585,55.7679,74.79,83,42,12.53,light rain
94,Mecca,SA,21.4267,39.8261,69.24,69,30,1.92,scattered clouds
95,Hoquiam,US,46.9809,-123.8893,48.29,95,100,12.66,mist
96,Nieuwpoort,BE,51.1244,2.7735,40.17,87,100,12.66,overcast clouds
97,Popondetta,PG,-8.7537,148.2534,87.85,59,95,6.15,overcast clouds
98,Totness,SR,5.8833,-56.3167,74.82,91,100,8.21,overcast clouds
99,Chokurdakh,RU,70.6333,147.9167,-17.72,90,6,12.39,clear sky
100,Bredasdorp,ZA,-34.5322,20.0403,68.9,85,93,15.17,overcast clouds
101,San Pablo,PH,14.0669,121.3258,76.91,85,100,7.54,overcast clouds
102,Abu Kamal,SY,34.4506,40.9171,50.05,73,100,6.33,overcast clouds
103,Storm Lake,US,42.6411,-95.2097,36.64,93,75,9.22,broken clouds
104,Karratha,AU,-20.7377,116.8463,85.91,65,72,9.73,broken clouds
105,Mar Del Plata,AR,-38.0023,-57.5575,70.09,88,40,8.05,scattered clouds
106,Airai,TL,-8.9266,125.4092,68.61,70,100,2.17,overcast clouds
107,Hermanus,ZA,-34.4187,19.2345,71.8,79,92,18.7,overcast clouds
108,Haines Junction,CA,60.7522,-137.5108,21.63,97,100,2.15,overcast clouds
109,Qaanaaq,GL,77.484,-69.3632,-7.69,61,24,6.89,few clouds
110,Guerrero Negro,MX,27.9769,-114.0611,64.51,73,98,13.47,overcast clouds
111,East London,ZA,-33.0153,27.9116,70.86,88,100,8.03,light rain
112,Noumea,NC,-22.2763,166.4572,87.78,99,76,17.22,broken clouds
113,Sirvintos,LT,55.05,24.95,39.24,90,100,13.6,overcast clouds
114,Camacha,PT,33.0833,-16.3333,60.22,77,40,11.5,light rain
115,Nazarovo,RU,56.0064,90.3914,8.44,91,100,13.02,overcast clouds
116,Wuchang,CN,44.9143,127.15,-1.68,81,5,6.67,clear sky
117,Gornopravdinsk,RU,60.05,69.9,18.34,94,100,11.88,light snow
118,Ketchikan,US,55.3422,-131.6461,37.87,100,75,5.75,mist
119,Mersin,TR,36.862,34.6509,50.16,85,100,11.18,overcast clouds
120,Lufilufi,WS,-13.8745,-171.5986,87.58,76,25,12.33,light rain
121,Lompoc,US,34.6391,-120.4579,51.53,92,100,10.36,overcast clouds
122,Mehkar,IN,20.1508,76.569,60.51,56,4,4.85,clear sky
123,Clyde River,CA,70.4692,-68.5914,-12.77,64,100,11.5,overcast clouds
124,Hofn,IS,64.2539,-15.2082,24.28,59,100,21.27,overcast clouds
125,North Bend,US,43.4065,-124.2243,46.31,94,75,8.05,broken clouds
126,Cabo San Lucas,MX,22.8909,-109.9124,78.1,68,0,14.97,clear sky
127,Puerto Escondido,MX,15.85,-97.0667,81.43,65,75,5.75,broken clouds
128,Pevek,RU,69.7008,170.3133,-30.39,100,35,3.22,scattered clouds
129,Khatanga,RU,71.9667,102.5,-53.5,100,60,3.65,broken clouds
130,Vao,NC,-22.6667,167.4833,76.69,71,94,14.07,overcast clouds
131,Nome,US,64.5011,-165.4064,15.87,79,100,8.05,snow
132,Ust-Kuyga,RU,70.0167,135.6,-42.81,100,100,3.98,overcast clouds
133,Dikson,RU,73.5069,80.5464,-33.88,93,5,4.29,clear sky
134,Ipilan,PH,8.8431,117.9033,81.59,74,98,3.58,overcast clouds
135,Rio Grande,BR,-32.035,-52.0986,71.06,75,0,11.52,clear sky
136,Umm Kaddadah,SD,13.6017,26.6876,59.81,24,0,14.25,clear sky
137,Hamilton,US,39.1834,-84.5333,36.0,59,0,8.05,clear sky
138,Pouembout,NC,-21.1333,164.9,82.74,67,97,8.37,overcast clouds
139,Kavieng,PG,-2.5744,150.7967,83.5,73,40,6.93,light rain
140,Dalian,CN,38.9122,121.6022,17.53,38,0,4.47,clear sky
141,Parabel,RU,58.6978,81.4825,13.68,93,100,13.89,light snow
142,Deputatskiy,RU,69.3,139.9,-34.71,100,90,0.31,overcast clouds
143,Hithadhoo,MV,-0.6,73.0833,80.17,63,58,6.76,broken clouds
144,Baghmara,IN,23.795,86.2085,54.81,46,0,3.87,clear sky
145,San Cristobal,VE,7.7669,-72.225,69.98,96,69,2.3,broken clouds
146,Pedasi,PA,7.5333,-80.0333,78.28,79,10,21.83,clear sky
147,Atar,MR,20.5169,-13.0499,67.19,19,2,10.11,clear sky
148,Nautla,MX,20.2167,-96.7833,69.26,74,0,15.9,clear sky
149,Kalmunai,LK,7.4167,81.8167,75.27,87,63,5.12,broken clouds
150,Hilo,US,19.7297,-155.09,78.53,76,40,13.8,scattered clouds
151,San Lorenzo,PY,-25.3333,-57.5333,77.94,57,0,3.44,clear sky
152,Mahebourg,MU,-20.4081,57.7,79.09,78,40,12.66,scattered clouds
153,Kodiak,US,57.79,-152.4072,36.91,87,100,8.05,light rain
154,Tessalit,ML,20.1986,1.0114,62.4,21,0,11.36,clear sky
155,Viedma,AR,-40.8135,-62.9967,59.72,66,7,12.28,clear sky
156,Shimoda,JP,34.6667,138.95,52.16,71,100,16.93,light rain
157,Chuy,UY,-33.6971,-53.4616,66.09,80,0,6.38,clear sky
158,Aguas Vermelhas,BR,-15.7472,-41.46,62.71,98,7,3.0,clear sky
159,Cherskiy,RU,68.75,161.3,-41.91,99,50,4.56,scattered clouds
160,Arica,CL,-18.475,-70.3042,71.15,68,0,2.3,clear sky
161,Maple Creek,CA,49.9168,-109.4848,26.65,93,100,5.75,overcast clouds
162,Dongsheng,CN,39.8161,109.9776,9.81,48,0,17.09,clear sky
163,Hambantota,LK,6.1241,81.1185,73.74,100,75,2.3,broken clouds
164,Lashio,MM,22.9333,97.75,56.01,50,0,0.74,clear sky
165,Ust-Omchug,RU,61.15,149.6333,-23.4,94,100,6.69,overcast clouds
166,Havre-Saint-Pierre,CA,50.2334,-63.5986,17.6,67,0,13.8,clear sky
167,Japura,ID,-0.3167,102.35,80.76,76,94,4.25,overcast clouds
168,Kaitangata,NZ,-46.2817,169.8464,72.12,56,25,6.35,scattered clouds
169,Torbay,CA,47.6666,-52.7314,33.39,95,100,18.41,mist
170,Okha,RU,53.5739,142.9478,-17.03,86,16,7.85,few clouds
171,Evensk,RU,61.95,159.2333,2.32,77,100,8.88,overcast clouds
172,Valreas,FR,44.3837,4.9908,35.67,72,6,3.87,clear sky
173,Vieste,IT,41.8825,16.175,53.31,75,88,12.97,overcast clouds
174,Longonjo,AO,-12.9067,15.2533,60.35,97,100,3.02,overcast clouds
175,Luderitz,NA,-26.6481,15.1594,68.49,69,100,9.66,overcast clouds
176,Kindu,CD,-2.95,25.95,67.23,96,100,1.63,overcast clouds
177,Riyadh,SA,24.6877,46.7219,55.54,70,86,7.78,overcast clouds
178,Svetlogorsk,BY,52.6333,29.7333,32.16,90,100,14.56,overcast clouds
179,Geraldton,AU,-28.7667,114.6,73.81,56,100,25.32,overcast clouds
180,Semey,KZ,50.4111,80.2275,12.42,73,100,15.66,overcast clouds
181,Isangel,VU,-19.55,169.2667,86.11,70,70,4.61,broken clouds
182,Glendive,US,47.1053,-104.7125,29.82,97,100,10.36,fog
183,Codrington,AU,-38.2667,141.9667,73.47,38,0,12.97,clear sky
184,Anloga,GH,5.7947,0.8973,79.7,80,20,3.69,few clouds
185,Te Anau,NZ,-45.4167,167.7167,73.99,44,18,8.84,few clouds
186,Bonavista,CA,48.6499,-53.1147,32.04,90,100,19.17,light snow
187,Guiglo,CI,6.5456,-7.4966,67.95,81,0,2.75,clear sky
188,Cockburn Town,TC,21.4612,-71.1419,71.56,53,40,11.5,scattered clouds
189,Sao Joao Da Barra,BR,-21.6403,-41.0511,75.47,86,85,18.48,overcast clouds
190,Jiazi,CN,22.8779,116.067,52.93,63,97,12.5,overcast clouds
191,Port-Gentil,GA,-0.7193,8.7815,79.54,77,100,3.67,overcast clouds
192,Bathsheba,BB,13.2167,-59.5167,77.61,83,40,9.22,scattered clouds
193,Gaogou,CN,34.0175,119.1886,29.73,28,1,6.71,clear sky
194,Saint-Denis,FR,48.9167,2.3333,45.37,84,100,23.02,light rain
195,Safaga,EG,26.7292,33.9365,60.71,42,64,5.48,broken clouds
196,Outlook,CA,51.5001,-107.0513,6.06,100,81,1.95,broken clouds
197,Pribinic,BA,44.6106,17.6906,37.81,80,100,4.85,overcast clouds
198,Vostok,RU,46.4856,135.8833,-5.22,78,6,3.42,clear sky
199,Ca Mau,VN,9.1769,105.15,81.59,69,35,4.09,scattered clouds
200,Vitry-Le-Francois,FR,48.7333,4.5833,43.21,90,100,20.11,overcast clouds
201,Provideniya,RU,64.3833,-173.3,10.51,61,0,29.08,clear sky
202,Nacogdoches,US,31.6002,-94.6335,62.46,82,75,12.66,broken clouds
203,Nantucket,US,41.2835,-70.0995,39.15,93,100,35.68,mist
204,Taoudenni,ML,22.6783,-3.9836,62.22,26,0,13.18,clear sky
205,Berlevag,NO,70.8578,29.0864,30.15,80,40,12.66,light snow
206,Auki,SB,-8.7676,160.7034,85.26,64,99,3.65,overcast clouds
207,Basi,IN,26.8333,76.0333,43.14,35,0,3.27,clear sky
208,Kharan,PK,28.5833,65.4167,35.82,35,0,4.5,clear sky
209,Quang Ngai,VN,15.1167,108.8,73.58,84,79,7.94,broken clouds
210,Surt,LY,31.2089,16.5887,61.29,65,64,11.43,broken clouds
211,Mudu,CN,31.252,120.5118,33.3,31,0,10.02,clear sky
212,San Pedro,PH,14.35,121.0167,78.26,88,100,5.75,light rain
213,Trinidad,BO,-14.8333,-64.9,73.29,97,99,3.02,overcast clouds
214,Lebu,CL,-37.6167,-73.65,55.8,84,100,19.35,overcast clouds
215,Aden,YE,12.7794,45.0367,76.44,69,67,13.15,broken clouds
216,Najran,SA,17.4924,44.1277,59.65,50,5,0.76,clear sky
217,Charters Towers,AU,-20.1,146.2667,74.86,83,100,3.44,overcast clouds
218,Tuktoyaktuk,CA,69.4541,-133.0374,-14.8,76,100,8.05,overcast clouds
219,Faya,SA,18.3851,42.4509,48.31,73,11,1.7,few clouds
220,Ucluelet,CA,48.9329,-125.5528,48.09,91,100,5.99,overcast clouds
221,College,US,64.8569,-147.8028,6.75,78,75,3.44,broken clouds
222,Linqiong,CN,30.4159,103.4609,35.42,74,85,3.98,overcast clouds
223,Pau,FR,43.4167,-0.5833,48.85,49,0,16.11,light rain
224,Santa Vitoria Do Palmar,BR,-33.5189,-53.3681,66.24,78,0,6.42,clear sky
225,Aklavik,CA,68.2191,-135.0107,-16.64,97,100,3.29,overcast clouds
226,Bambous Virieux,MU,-20.3428,57.7575,79.05,78,40,12.66,light rain
227,Almirante,PA,9.3,-82.4,73.81,87,33,3.27,scattered clouds
228,Ola,RU,59.5833,151.2833,-8.86,95,100,7.27,overcast clouds
229,Magrath,CA,49.4167,-112.8686,35.92,100,100,3.44,overcast clouds
230,Port Alfred,ZA,-33.5906,26.891,69.19,92,100,16.96,overcast clouds
231,Buchanan,LR,5.8808,-10.0467,77.56,85,0,1.28,clear sky
232,Laguna,US,38.421,-121.4238,53.06,86,100,11.5,overcast clouds
233,Mount Barker,AU,-35.0667,138.8667,88.88,33,31,5.93,scattered clouds
234,Qaqortoq,GL,60.7167,-46.0333,15.17,68,58,33.69,broken clouds
235,Bauru,BR,-22.3147,-49.0606,85.14,65,0,1.14,clear sky
236,Buala,SB,-8.145,159.5921,85.5,67,72,3.83,broken clouds
237,Bouake,CI,7.6895,-5.0218,72.32,24,5,5.06,clear sky
238,Fort-Shevchenko,KZ,44.5086,50.263,26.74,46,1,16.75,clear sky
239,Xining,CN,36.6167,101.7667,8.92,81,100,2.64,overcast clouds
240,Pisco,PE,-13.7,-76.2167,69.85,83,0,5.75,clear sky
241,Katsuura,JP,35.1333,140.3,46.42,87,100,5.06,overcast clouds
242,Urengoy,RU,65.9667,78.3667,2.34,96,100,12.5,light snow
243,Alta,NO,69.9689,23.2717,16.86,82,100,2.3,overcast clouds
244,Nicoya,CR,10.1483,-85.452,72.68,72,94,13.53,overcast clouds
245,Puerto Carreno,CO,6.189,-67.4859,80.01,61,43,5.7,scattered clouds
246,Novo Aripuana,BR,-5.1206,-60.3797,72.55,95,68,2.3,light rain
247,Hasaki,JP,35.7333,140.8333,45.0,82,100,13.8,light rain
248,Salalah,OM,17.0151,54.0924,69.89,88,20,2.3,few clouds
249,Sharanga,RU,57.1775,46.5396,5.14,91,30,9.31,scattered clouds
250,Conde,BR,-7.2597,-34.9075,76.46,88,20,4.61,few clouds
251,Lukovo,MK,41.3494,20.6047,37.33,85,100,1.9,overcast clouds
252,Palmer,US,42.1584,-72.3287,36.14,43,75,17.27,broken clouds
253,Buta,CD,2.7858,24.73,74.86,49,100,1.45,overcast clouds
254,Gat,IL,31.61,34.7642,52.48,66,10,5.61,clear sky
255,Okato,NZ,-39.2,173.8833,66.69,68,43,5.01,scattered clouds
256,Fuling,CN,29.7022,107.3919,38.21,84,98,2.33,overcast clouds
257,Jaypur,IN,18.85,82.5833,61.84,50,5,3.2,clear sky
258,Ballina,AU,-28.8667,153.5667,82.02,69,50,11.36,scattered clouds
259,Nouadhibou,MR,20.931,-17.0347,69.78,43,64,10.36,broken clouds
260,Constitucion,CL,-35.3333,-72.4167,56.84,81,22,12.71,few clouds
261,Gympie,AU,-26.1898,152.665,71.01,95,100,6.58,light rain
262,Carnarvon,AU,-24.8667,113.6333,76.12,64,0,22.93,clear sky
263,Broome,US,42.2506,-75.833,22.69,88,100,9.22,overcast clouds
264,Ngunguru,NZ,-35.6167,174.5,66.49,78,13,17.34,few clouds
265,Kiruna,SE,67.8557,20.2251,16.72,86,100,6.91,snow
266,Yumen,CN,40.2833,97.2,6.31,69,5,27.54,clear sky
267,Sobolevo,RU,54.4299,31.8996,26.58,96,100,16.46,overcast clouds
268,Necochea,AR,-38.5473,-58.7368,62.4,90,91,7.02,overcast clouds
269,Kahului,US,20.8947,-156.47,78.82,70,40,17.27,scattered clouds
270,Gonda,IN,27.1333,81.9333,43.84,52,54,4.72,broken clouds
271,Shetpe,KZ,44.1667,52.1167,21.52,33,92,13.15,overcast clouds
272,Togur,RU,58.3631,82.8265,10.49,94,100,13.15,light snow
273,Tarauaca,BR,-8.1614,-70.7656,72.82,97,100,1.14,light rain
274,Port Elizabeth,ZA,-33.918,25.5701,70.32,90,20,9.22,few clouds
275,Pangnirtung,CA,66.1451,-65.7125,-43.11,94,84,5.44,broken clouds
276,Ancud,CL,-41.8697,-73.8203,51.55,83,66,5.5,broken clouds
277,Rafaela,AR,-31.2503,-61.4867,82.98,23,12,1.01,few clouds
278,Irbil,IQ,36.1926,44.0106,39.02,81,39,3.44,scattered clouds
279,Komsomolskiy,UZ,40.4272,71.7189,9.32,78,4,2.3,mist
280,Requena,ES,39.4883,-1.1004,41.52,66,42,12.73,scattered clouds
281,Victoria,HK,22.2855,114.1577,56.25,71,91,13.0,overcast clouds
282,Boca Do Acre,BR,-8.7522,-67.3978,74.1,94,100,2.33,overcast clouds
283,Floro,NO,61.5996,5.0328,39.16,70,40,18.41,scattered clouds
284,Flinders,AU,-34.5833,150.8552,79.05,68,84,7.11,broken clouds
285,Iskele,TR,39.484,26.9278,41.09,93,0,6.91,clear sky
286,Klyuchi,RU,52.2667,79.1667,10.44,94,97,11.5,overcast clouds
287,Bairiki,KI,1.3292,172.9752,86.0,70,20,16.11,few clouds
288,Comodoro Rivadavia,AR,-45.8667,-67.5,66.06,55,0,4.61,clear sky
289,Eirunepe,BR,-6.6603,-69.8736,73.63,90,95,2.59,overcast clouds
290,Beian,NO,63.6559,9.5683,32.0,93,75,0.0,broken clouds
291,Magistralnyy,RU,56.1725,107.4458,1.22,91,100,4.76,overcast clouds
292,Pokaran,IN,26.9167,71.9167,46.69,18,0,7.4,clear sky
293,Colon,PA,9.3592,-79.9014,77.45,88,46,8.99,light rain
294,Sawtell,AU,-30.3833,153.1,81.19,65,6,8.05,clear sky
295,San Juan,AR,-31.5375,-68.5364,80.2,32,58,3.2,broken clouds
296,Moose Factory,CA,51.2585,-80.6094,32.0,47,75,10.36,broken clouds
297,Hwange,ZW,-18.3693,26.5019,65.61,94,95,2.46,moderate rain
298,Solnechnyy,RU,50.7214,136.6319,-7.38,72,25,1.1,scattered clouds
299,Kommunar,RU,59.6206,30.39,33.44,97,100,12.71,light snow
300,Mount Gambier,AU,-37.8333,140.7667,78.42,27,0,6.6,clear sky
301,Ormara,PK,25.2088,64.6357,59.41,27,0,10.67,clear sky
302,Craig,US,40.5153,-107.5464,33.75,80,100,10.36,overcast clouds
303,Jieshi,CN,22.8134,115.8257,51.24,65,95,11.99,overcast clouds
304,Artyom,AZ,40.4723,50.333,41.14,81,100,12.93,overcast clouds
305,Demba,CD,-5.51,22.2667,66.99,99,100,0.27,light rain
306,Almeirim,BR,-1.5233,-52.5817,72.39,97,100,2.01,light rain
307,Camabatela,AO,-8.1881,15.375,61.65,100,100,2.48,light rain
308,Moyale,KE,3.5167,39.0584,66.52,47,9,9.06,clear sky
309,Ambilobe,MG,-13.2,49.05,72.57,95,100,2.19,overcast clouds
310,Coruripe,BR,-10.1256,-36.1756,75.76,80,54,4.12,broken clouds
311,Port Washington,US,40.8257,-73.6982,36.86,50,40,23.02,scattered clouds
312,Padang,ID,-0.9492,100.3543,77.05,77,100,1.21,overcast clouds
313,Sitka,US,57.0531,-135.33,42.69,87,100,4.61,mist
314,Okaihau,NZ,-35.3167,173.7833,69.51,70,51,8.3,broken clouds
315,Fomboni,KM,-12.28,43.7425,81.61,69,80,4.27,broken clouds
316,Christchurch,NZ,-43.5333,172.6333,76.48,61,8,17.27,clear sky
317,Chatellerault,FR,46.8,0.5333,46.56,1,100,35.81,light rain
318,Akyab,MM,20.15,92.9,66.69,63,0,6.76,clear sky
319,Thinadhoo,MV,0.5333,72.9333,78.76,72,100,1.39,overcast clouds
320,Kangaatsiaq,GL,68.3065,-53.4641,7.81,90,100,21.07,light snow
321,Nongan,CN,44.382,125.1685,5.99,39,0,8.19,clear sky
322,Vuktyl,RU,63.8567,57.3094,21.72,95,99,9.26,overcast clouds
323,Makakilo City,US,21.3469,-158.0858,77.99,65,100,10.36,overcast clouds
324,Zhuhai,CN,22.2769,113.5678,51.58,71,40,25.32,scattered clouds
325,Wanning,CN,18.8003,110.3967,64.47,88,100,12.82,overcast clouds
326,Poya,NC,-21.35,165.15,81.57,69,95,8.7,overcast clouds
327,Bielsko-Biala,PL,49.8224,19.0469,35.92,93,96,5.7,overcast clouds
328,Khandyga,RU,62.6667,135.6,-46.64,92,100,1.01,overcast clouds
329,Cardston,CA,49.2,-113.3019,34.09,93,100,1.14,overcast clouds
330,Suamico,US,44.6319,-88.0393,36.18,79,0,12.66,clear sky
331,Mehamn,NO,71.0357,27.8492,30.11,74,100,4.61,light snow
332,Ust-Nera,RU,64.5667,143.2,-22.5,98,100,8.39,overcast clouds
333,Tigil,RU,57.8,158.6667,9.27,93,100,9.15,overcast clouds
334,Mandalgovi,MN,45.7625,106.2708,5.11,51,96,9.13,overcast clouds
335,Corinto,GR,37.9407,22.9573,43.9,84,4,2.33,clear sky
336,Igdir,TR,39.9237,44.045,23.99,80,40,8.05,scattered clouds
337,Dingle,PH,10.9995,122.6711,81.21,83,38,5.55,scattered clouds
338,Bandarbeyla,SO,9.4942,50.8122,75.16,75,67,15.32,light rain
339,San Rafael,AR,-34.6177,-68.3301,73.22,39,41,6.42,scattered clouds
340,Gotsu,JP,35.0,132.2167,44.15,91,100,9.69,overcast clouds
341,Piacabucu,BR,-10.4056,-36.4344,76.75,80,76,5.82,broken clouds
342,Mugur-Aksy,RU,50.35,90.5,-8.73,89,74,7.83,broken clouds
343,Anadyr,RU,64.75,177.4833,-8.9,77,0,8.95,clear sky
344,Mayo,US,38.8876,-76.5119,39.51,53,0,14.97,clear sky
345,Yerbogachen,RU,61.2767,108.0108,-62.95,100,93,2.35,overcast clouds
346,Linhares,BR,-19.3911,-40.0722,70.93,93,100,0.72,overcast clouds
347,Iskateley,RU,67.6803,53.1512,23.79,97,98,8.68,overcast clouds
348,Yining,CN,29.0361,114.5636,35.06,52,7,2.44,clear sky
349,Kacarevo,RS,44.9666,20.6995,43.86,77,100,11.92,overcast clouds
350,Ocumare Del Tuy,VE,10.1165,-66.7761,71.04,91,49,3.44,scattered clouds
351,Beitbridge,ZW,-22.2167,30.0,75.36,70,87,19.62,light rain
352,Coquimbo,CL,-29.9533,-71.3436,62.33,82,0,6.91,clear sky
353,Grindavik,IS,63.8424,-22.4338,19.87,68,0,18.41,clear sky
354,Guadalupe Victoria,MX,32.2869,-115.105,64.94,48,100,10.87,overcast clouds
355,Kangalassy,RU,62.3464,129.9628,-52.67,94,100,4.05,overcast clouds
356,Katobu,ID,-4.9408,122.5276,84.29,66,100,3.36,overcast clouds
357,Lasa,IT,46.6166,10.7002,30.02,91,100,2.59,light snow
358,Faanui,PF,-16.4833,-151.75,79.29,76,100,18.1,light rain
359,Kieta,PG,-6.2167,155.6333,85.44,68,98,5.03,overcast clouds
360,Waipawa,NZ,-41.4122,175.5153,70.74,53,41,7.45,scattered clouds
361,Ponte Nova,BR,-20.4164,-42.9086,70.2,95,85,2.71,overcast clouds
362,Ziway,ET,7.9333,38.7167,59.74,73,0,11.1,clear sky
363,Praia Da Vitoria,PT,38.7333,-27.0667,50.76,93,0,5.44,clear sky
364,Nanortalik,GL,60.1432,-45.2371,20.19,71,100,39.06,overcast clouds
365,Jumla,NP,29.2747,82.1838,37.2,13,100,5.26,overcast clouds
366,Pangai,TO,-19.8,-174.35,87.91,70,40,6.91,scattered clouds
367,Kovdor,RU,67.5662,30.4758,30.27,91,93,9.46,overcast clouds
368,Kaithal,IN,29.8,76.3833,37.83,48,0,3.76,clear sky
369,Chapada Dos Guimaraes,BR,-15.4606,-55.7497,67.66,86,100,2.84,overcast clouds
370,Santa Fe,AR,-31.6333,-60.7,88.0,38,6,5.01,light rain
371,Kilindoni,TZ,-7.9139,39.6668,81.25,77,76,12.93,broken clouds
372,Maceio,BR,-9.6658,-35.7353,78.24,83,40,4.61,scattered clouds
373,Port Augusta,AU,-32.5,137.7667,94.03,20,23,4.7,few clouds
374,Martapura,ID,-3.4167,114.85,80.69,89,20,2.3,few clouds
375,Bullhead City,US,35.1478,-114.5683,58.42,65,0,6.91,clear sky
376,Henties Bay,NA,-22.116,14.2845,66.25,93,92,1.28,light rain
377,Vestmannaeyjar,IS,63.4427,-20.2734,22.95,66,0,9.73,clear sky
378,Ayagoz,KZ,47.9714,80.4392,-16.89,94,43,4.5,scattered clouds
379,Hervey Bay,AU,-25.2986,152.8535,77.47,79,100,16.35,light rain
380,Sassandra,CI,4.95,-6.0833,76.69,89,6,4.29,clear sky
381,Chalmette,US,29.9427,-89.9634,55.4,80,0,11.5,clear sky
382,Kruisfontein,ZA,-34.0033,24.7314,67.89,92,63,6.26,broken clouds
383,Kununurra,AU,-15.7667,128.7333,85.98,79,40,6.91,scattered clouds
384,Ambovombe,MG,-25.1667,46.0833,71.69,88,0,6.85,clear sky
385,Santa Rosa,PH,14.3122,121.1114,79.02,83,100,11.81,moderate rain
386,Alekseyevka,RU,50.6309,38.6903,22.77,97,90,5.08,light snow
387,Kysyl-Syr,RU,63.8986,122.7617,-59.01,97,100,4.88,overcast clouds
388,Cumbitara,CO,1.6517,-77.5823,58.19,97,100,1.1,moderate rain
389,Tuatapere,NZ,-46.1333,167.6833,75.67,43,24,3.96,few clouds
390,Goure,NE,13.9835,10.2704,60.35,24,100,10.11,overcast clouds
391,Oum Hadjer,TD,13.2954,19.6966,66.16,24,71,10.11,broken clouds
392,Russell,US,32.3502,-85.1999,47.43,70,0,0.0,clear sky
393,Ostrovnoy,RU,68.0531,39.5131,32.38,91,100,23.89,light snow
394,Gweta,BW,-20.1833,25.2333,74.95,54,59,9.22,broken clouds
395,Tukrah,LY,32.5341,20.5791,57.79,73,51,11.61,light rain
396,Agadez,NE,19.75,10.25,54.48,33,0,10.27,clear sky
397,Geilo,NO,60.5333,8.2076,26.46,89,100,12.48,overcast clouds
398,Adrar,MR,20.5022,-10.0711,62.22,19,0,11.21,clear sky
399,Verkhoyansk,RU,67.5447,133.385,-47.22,100,100,1.03,overcast clouds
400,Boa Vista,BR,2.8197,-60.6733,80.58,74,40,3.44,scattered clouds
401,Dolores,AR,-36.3132,-57.6792,66.31,80,9,8.28,clear sky
402,Ouadda,CF,8.0777,22.4007,67.68,28,100,5.97,overcast clouds
403,Kinablangan,PH,7.6947,126.5503,83.1,73,97,1.86,overcast clouds
404,Bafilo,TG,9.35,1.2667,68.07,24,5,4.83,clear sky
405,Raudeberg,NO,61.9875,5.1352,36.27,24,100,31.09,overcast clouds
406,Bocaiuva,BR,-17.1078,-43.815,74.91,86,34,2.84,scattered clouds
407,Lahat,ID,-3.8,103.5333,81.39,69,66,1.61,broken clouds
408,Waingapu,ID,-9.6567,120.2641,85.98,65,36,8.39,scattered clouds
409,Waitati,NZ,-45.75,170.5667,70.56,59,19,6.31,few clouds
410,Burg,DE,51.8333,14.15,40.12,79,61,12.01,broken clouds
411,Healdsburg,US,38.6105,-122.8692,49.35,86,100,5.75,moderate rain
412,Coahuayana,MX,18.7333,-103.6833,70.39,82,10,1.61,clear sky
413,Avera,US,33.194,-82.5271,38.91,47,3,4.85,clear sky
414,Itarema,BR,-2.9248,-39.9167,77.65,86,100,9.8,overcast clouds
415,Cairns,AU,-16.9167,145.7667,87.75,66,40,11.5,scattered clouds
416,Tumaco,CO,1.7986,-78.8156,76.19,84,100,6.17,light rain
417,Srednekolymsk,RU,67.45,153.6833,-43.94,99,69,6.49,broken clouds
418,Kulachi,PK,31.9286,70.4592,44.6,24,0,10.67,clear sky
419,San Sebastian,ES,43.3128,-1.975,51.64,60,75,18.41,light rain
420,Vilshofen,DE,48.6333,13.1833,37.67,89,100,2.62,overcast clouds
421,Yenagoa,NG,4.9247,6.2642,76.03,87,19,3.78,few clouds
422,Biak,ID,-0.9131,122.8766,83.55,64,99,1.77,light rain
423,Harper,LR,4.375,-7.7169,78.44,80,2,4.85,clear sky
424,Jiexiu,CN,37.0244,111.9125,20.1,41,9,6.69,clear sky
425,Arman,RU,59.7,150.1667,-8.99,94,100,9.35,overcast clouds
426,Lensk,RU,60.7253,114.9278,-56.65,99,97,1.99,overcast clouds
427,Kiama,AU,-34.6833,150.8667,79.25,69,81,7.83,broken clouds
428,Kodinsk,RU,58.6881,99.1844,-25.56,100,95,1.43,overcast clouds
429,Petropavl,KZ,54.8753,69.1628,15.78,57,0,13.42,clear sky
430,Prachuap Khiri Khan,TH,12.2167,99.75,75.58,54,8,1.34,clear sky
431,Rio Gallegos,AR,-51.6226,-69.2181,60.85,41,0,10.36,clear sky
432,Joshimath,IN,30.5667,79.5667,34.07,32,1,7.81,clear sky
433,Vila Do Maio,CV,15.1333,-23.2167,73.49,74,100,11.05,overcast clouds
434,Basco,PH,20.4487,121.9702,72.36,76,100,34.52,overcast clouds
435,Finschhafen,PG,-6.6024,147.8681,85.87,68,90,7.99,overcast clouds
436,Manggar,ID,-2.8833,108.2667,81.91,76,100,8.01,overcast clouds
437,Senno,RU,59.5336,33.9167,31.26,95,100,13.27,snow
438,Bartica,GY,6.4,-58.6167,77.32,98,49,2.55,scattered clouds
439,Katsina,NG,12.9894,7.6006,60.15,23,100,10.31,overcast clouds
440,Brae,GB,60.3964,-1.353,33.01,50,77,6.6,broken clouds
441,Ruza,RU,55.699,36.1952,23.88,91,100,12.73,overcast clouds
442,Pangody,RU,65.85,74.4859,16.57,96,100,6.73,light snow
443,Changqing,CN,36.5575,116.7272,26.11,53,1,4.34,clear sky
444,Vanersborg,SE,58.3807,12.3234,39.58,81,75,10.36,broken clouds
445,Walvis Bay,NA,-22.9575,14.5053,67.15,82,100,11.5,light rain
446,Altay,CN,47.8667,88.1167,-9.36,81,87,5.23,overcast clouds
447,Nikolskoye,RU,59.7035,30.7861,33.8,97,100,11.81,light snow
448,Bad Sachsa,DE,51.595,10.5555,41.23,85,92,12.55,overcast clouds
449,Homer,US,59.6425,-151.5483,39.09,73,100,19.57,light rain
450,Inhambane,MZ,-23.865,35.3833,78.85,86,1,12.37,light rain
451,Souris,CA,49.6172,-100.2612,22.86,96,100,5.17,overcast clouds
452,San Nicolas,PH,18.1725,120.5953,78.71,78,20,17.27,few clouds
453,Cedar City,US,37.6775,-113.0619,34.77,75,100,10.36,overcast clouds
454,Eureka,US,40.8021,-124.1637,49.93,88,100,1.01,overcast clouds
455,Amalapuram,IN,16.5833,82.0167,65.35,91,61,1.99,broken clouds
456,Salon-De-Provence,FR,43.6407,5.0954,40.64,86,0,3.44,clear sky
457,Fort Nelson,CA,58.8053,-122.7002,10.94,94,100,2.3,mist
458,Svetlyy,RU,54.675,20.1347,39.25,78,50,21.54,scattered clouds
459,Balkanabat,TM,39.5108,54.3671,30.94,43,97,5.7,overcast clouds
460,Alghero,IT,40.5589,8.3181,55.49,67,0,3.44,clear sky
461,Tongzi,CN,28.7829,105.0877,38.01,66,81,1.41,broken clouds
462,Beringovskiy,RU,63.05,179.3167,-5.71,91,100,18.75,overcast clouds
463,Caravelas,BR,-17.7125,-39.2481,73.33,90,89,5.19,overcast clouds
464,Kalabo,ZM,-14.97,22.6814,65.97,95,100,6.17,light rain
465,Kolpashevo,RU,58.3131,82.9089,11.07,93,100,12.97,overcast clouds
466,Matara,LK,5.9485,80.5353,75.38,83,100,3.78,overcast clouds
467,High Level,CA,58.5169,-117.136,3.31,85,40,0.0,scattered clouds
468,Maningrida,AU,-12.0667,134.2667,84.54,73,100,7.87,light rain
469,Dali,CN,25.7,100.1833,45.32,62,0,4.0,clear sky
470,Alappuzha,IN,9.49,76.3264,73.99,82,46,4.54,scattered clouds
471,Los Chiles,CR,11.0333,-84.7167,71.74,83,99,4.94,overcast clouds
472,Clarence Town,AU,-32.5833,151.7833,86.14,36,0,10.98,clear sky
473,Abu Samrah,SY,35.3029,37.1841,48.72,84,100,6.06,overcast clouds
474,Rawson,AR,-43.3002,-65.1023,63.9,55,11,17.74,few clouds
475,Emerald,AU,-23.5333,148.1667,71.55,89,100,16.02,overcast clouds
476,Biltine,TD,14.5333,20.9167,65.77,24,48,8.21,scattered clouds
477,Nibbar,TN,36.2941,8.7666,45.82,52,1,4.99,clear sky
478,Namibe,AO,-15.1961,12.1522,72.01,82,100,1.95,light rain
479,Stjordalshalsen,NO,63.4681,10.9262,29.48,86,100,4.61,light snow
480,Puerto Del Rosario,ES,28.5004,-13.8627,65.95,77,40,19.57,scattered clouds
481,Sungaipenuh,ID,-2.0833,101.3833,73.53,68,67,2.01,broken clouds
482,Merrill,US,45.1805,-89.6835,35.37,73,0,6.91,clear sky
483,Ahipara,NZ,-35.1667,173.1667,71.2,62,72,9.42,broken clouds
484,Mataram,ID,-8.5833,116.1167,83.21,73,66,3.33,broken clouds
485,Hammerfest,NO,70.6634,23.6821,27.05,74,75,3.44,broken clouds
486,Watertown,US,42.3709,-71.1828,32.52,87,100,18.41,snow
487,Beloha,MG,-25.1667,45.05,71.87,88,0,7.87,clear sky
488,Aromashevo,RU,56.8602,68.6375,17.83,74,100,17.96,overcast clouds
489,Varhaug,NO,58.6147,5.6457,38.48,69,60,7.81,light snow
490,Hualmay,PE,-11.0964,-77.6139,69.8,80,100,7.07,overcast clouds
491,Port Lincoln,AU,-34.7333,135.8667,74.25,55,51,8.57,broken clouds
492,Fairbanks,US,64.8378,-147.7164,6.76,79,0,3.44,clear sky
493,Severo-Yeniseyskiy,RU,60.3725,93.0408,-17.37,100,100,3.44,overcast clouds
494,Sibolga,ID,1.7427,98.7792,81.19,71,87,0.49,overcast clouds
495,Esso,RU,55.9333,158.7,1.67,95,100,8.05,light snow
496,Saldanha,ZA,-33.0117,17.9442,60.85,87,5,7.74,clear sky
497,Gizo,SB,-8.103,156.8419,84.92,70,76,9.51,broken clouds
498,Innisfail,AU,-17.5333,146.0333,78.51,90,100,4.34,overcast clouds
499,Meadow Lake,US,34.8014,-106.5436,44.11,51,100,18.79,overcast clouds
500,Kamenka,RU,51.3223,42.7678,17.92,93,92,12.55,overcast clouds
501,Formosa,AR,-26.1775,-58.1781,78.78,61,0,4.61,clear sky
502,Gao,ML,16.6362,1.637,62.83,20,0,11.41,clear sky
503,Mpika,ZM,-11.8343,31.4529,60.89,99,100,1.19,overcast clouds
504,El Carmen,CO,8.5106,-73.4478,66.34,91,84,4.85,broken clouds
505,Montivilliers,FR,49.5452,0.1877,44.22,93,100,23.02,moderate rain
506,Banjar,ID,-8.19,114.9675,83.68,77,100,1.68,overcast clouds
507,Sinnamary,GF,5.3833,-52.95,74.7,90,100,6.6,overcast clouds
508,Vestmanna,FO,62.1564,-7.1664,27.52,93,75,20.71,snow
509,Uige,AO,-7.6087,15.0613,65.46,100,100,1.12,light rain
510,Soyo,AO,-6.1349,12.3689,78.73,83,100,1.88,overcast clouds
511,Duns,GB,55.777,-2.3457,33.57,89,100,9.86,light snow
512,Pacific Grove,US,36.6177,-121.9166,49.68,91,100,1.99,light rain
513,Bubaque,GW,11.2833,-15.8333,76.62,76,93,6.35,overcast clouds
514,Bodden Town,KY,19.2833,-81.25,71.6,69,75,8.05,broken clouds
515,Pocoes,BR,-14.5297,-40.3653,62.38,99,18,3.49,few clouds
516,Maragogi,BR,-9.0122,-35.2225,76.91,75,52,3.24,broken clouds
517,Bellevue,US,47.6104,-122.2007,47.37,92,100,8.05,light rain
518,Hami,CN,42.8,93.45,12.4,35,98,1.95,overcast clouds
519,Gorom-Gorom,BF,14.4439,-0.2361,67.32,19,83,8.81,broken clouds
520,Liverpool,GB,53.4106,-2.9779,38.79,93,100,3.44,overcast clouds
521,Tabuk,PH,17.4189,121.4443,74.93,81,85,6.35,overcast clouds
522,Puerto Leguizamo,CO,-0.1934,-74.7819,71.22,99,100,3.18,overcast clouds
523,Ukiah,US,39.1502,-123.2078,48.15,91,100,3.44,overcast clouds
524,Trairi,BR,-3.2778,-39.2689,76.69,87,100,8.3,overcast clouds
525,Lekoni,GA,-1.5843,14.2591,72.72,87,68,3.4,broken clouds
526,Caraballeda,VE,10.6112,-66.8522,80.67,78,40,2.3,scattered clouds
527,Maneadero,MX,31.7167,-116.5667,55.09,83,100,1.99,light rain
528,Maputo,MZ,-25.9653,32.5892,73.45,89,69,3.91,broken clouds
529,Uryupinsk,RU,50.8047,42.0138,21.61,91,100,12.55,overcast clouds
530,Sarkand,KZ,45.41,79.9186,6.64,71,72,6.26,broken clouds
531,Korla,CN,41.7597,86.1469,3.15,94,90,2.26,overcast clouds
532,Valenca,BR,-13.3703,-39.0731,71.37,93,98,2.24,overcast clouds
533,Namatanai,PG,-3.6667,152.4333,83.71,70,89,6.53,overcast clouds
534,Kamaishi,JP,39.2667,141.8833,42.49,61,100,2.66,overcast clouds
535,Lososina,RU,48.9975,140.3106,0.43,66,9,12.44,clear sky
536,Canakkale,TR,40.0833,26.8333,32.58,89,91,2.66,overcast clouds
537,Plattsburgh,US,44.6995,-73.4529,19.92,71,0,6.91,clear sky
538,Westport,US,41.1415,-73.3579,37.09,48,0,9.22,clear sky
539,Poum,NC,-20.2333,164.0167,80.85,72,96,13.02,overcast clouds
540,Skjervoy,NO,70.0311,20.9714,23.0,71,100,18.1,overcast clouds
541,Dawei,MM,14.0833,98.2,73.24,70,5,1.28,clear sky
542,Safford,US,32.834,-109.7076,50.92,71,40,23.02,scattered clouds
543,Mocuba,MZ,-16.8392,36.9856,71.98,97,97,2.59,overcast clouds
544,Tigzirt,DZ,36.8886,4.1198,55.02,63,11,12.59,few clouds
545,Villarrica,PY,-25.75,-56.4333,72.82,82,4,2.28,clear sky
546,Aksay,RU,47.26,39.87,34.02,73,100,13.0,light snow
547,Gazanjyk,TM,39.2446,55.5154,25.14,72,100,13.35,overcast clouds
548,Atherton,GB,53.5237,-2.4935,39.29,95,92,3.4,overcast clouds
549,Outjo,NA,-20.1167,16.15,71.44,65,84,5.97,broken clouds
550,Panguna,PG,-6.3164,155.4848,83.05,61,70,4.03,light rain
551,Saint Anthony,US,45.0205,-93.218,35.91,83,0,9.22,clear sky
552,Kirakira,SB,-10.4544,161.9205,83.97,69,96,5.57,overcast clouds
553,Benghazi,LY,32.1167,20.0667,60.87,61,100,13.53,overcast clouds
554,Ghiror,IN,27.1833,78.8,40.35,55,74,4.41,broken clouds
555,Yar-Sale,RU,66.8333,70.8333,7.16,97,94,7.92,overcast clouds
556,Nishihara,JP,26.1842,127.7558,60.46,72,75,25.32,broken clouds
557,Susaki,JP,33.3667,133.2833,53.67,62,83,7.9,broken clouds
558,Auch,FR,43.65,0.5833,45.25,94,100,3.0,overcast clouds
559,Qrendi,MT,35.8347,14.4583,58.1,82,20,9.22,few clouds
560,Derzhavinsk,KZ,51.1,66.3167,-3.37,86,13,6.4,few clouds
561,Pryazha,RU,61.6926,33.6216,33.03,97,100,12.59,light snow
562,Black River,JM,18.0264,-77.8487,66.36,79,0,8.79,clear sky
563,Apex,US,35.7327,-78.8503,36.43,62,20,0.0,few clouds
564,Ulagan,RU,50.6321,87.9563,-8.1,98,98,1.34,overcast clouds
565,Izhma,RU,65.0083,53.9113,25.32,93,99,8.81,overcast clouds
566,Cap Malheureux,MU,-19.9842,57.6142,78.48,75,22,8.99,light rain
567,Taua,BR,-5.9667,-40.3,77.25,63,100,3.24,overcast clouds
568,Bacolod,PH,10.6667,122.95,81.66,80,8,5.46,clear sky
569,Zhigansk,RU,66.7697,123.3711,-49.22,93,100,5.97,overcast clouds
570,Hovd,MN,48.0056,91.6419,-0.9,68,98,0.45,overcast clouds
571,Beyneu,KZ,45.3167,55.2,24.19,74,100,12.33,overcast clouds
572,Rongcheng,CN,30.634,117.8517,32.05,53,0,4.47,clear sky
573,Bure,ET,10.7,37.0667,57.88,67,83,4.56,broken clouds
574,Marathon,US,44.9,-89.7668,35.13,76,0,10.36,clear sky
575,Bilibino,RU,68.0546,166.4372,-24.16,96,67,7.09,broken clouds
576,Dmitriyevskoye,RU,45.8053,41.8967,32.43,87,30,11.23,scattered clouds
577,Ust-Kan,RU,50.9276,84.761,-10.68,95,31,4.59,scattered clouds
578,Lebane,RS,42.9239,21.7375,32.59,86,100,5.82,overcast clouds
579,Siwana,IN,25.6333,72.4167,44.37,26,1,6.78,clear sky
580,Acari,PE,-15.4311,-74.6158,72.43,77,80,2.91,broken clouds
581,Salobrena,ES,36.7428,-3.5872,57.47,64,1,12.62,clear sky
582,Manacor,ES,39.5696,3.2096,53.33,78,38,9.04,scattered clouds
583,San-Pedro,CI,4.7485,-6.6363,76.95,88,4,1.48,clear sky
584,Canguaretama,BR,-6.38,-35.1289,76.41,82,96,8.19,overcast clouds
585,Watrous,CA,51.6668,-105.4679,17.38,93,73,1.14,broken clouds
586,Iquique,CL,-20.2208,-70.1431,69.84,73,1,1.36,clear sky
587,Leh,IN,34.1667,77.5833,-5.08,75,11,2.44,few clouds
588,Bani Walid,LY,31.7566,13.9942,50.34,51,0,10.2,clear sky
589,Tonosho,JP,34.4833,134.1833,51.4,73,100,14.43,overcast clouds
590,Los Llanos De Aridane,ES,28.6585,-17.9182,62.35,76,75,15.99,broken clouds
591,Pingshan,CN,22.9938,114.7131,47.41,64,100,7.29,overcast clouds
592,Talcher,IN,20.95,85.2167,63.19,80,0,1.5,clear sky
593,Khash,IR,28.2211,61.2158,36.7,33,0,4.32,clear sky
594,Kirensk,RU,57.7853,108.1119,-12.86,97,100,2.75,overcast clouds
595,San Francisco Del Mar,MX,16.2333,-94.65,75.24,67,0,9.33,clear sky
596,Selma,US,36.5708,-119.6121,52.05,100,0,6.91,clear sky
597,Cayenne,GF,4.9333,-52.3333,73.44,94,75,2.3,broken clouds
598,Juan Lacaze,UY,-34.4342,-57.4381,79.12,43,0,17.52,clear sky
599,Siguiri,GN,11.6667,-9.5,70.48,16,28,3.58,scattered clouds
600,Umm Lajj,SA,25.0213,37.2685,65.97,60,100,11.07,overcast clouds
601,Boa Esperanca,BR,-21.09,-45.5658,70.84,88,100,2.24,heavy intensity rain
602,Baghdad,IQ,33.3406,44.4009,44.51,76,100,3.44,fog
603,Pontianak,ID,-0.0333,109.3333,80.58,83,20,4.61,few clouds
604,Juegang,CN,32.3174,121.1855,34.99,53,14,13.2,few clouds
605,Whitehorse,CA,60.7161,-135.0538,14.81,91,75,0.0,broken clouds
606,Teodoro Sampaio,BR,-22.5325,-52.1675,74.7,79,66,1.57,broken clouds
607,Plettenberg Bay,ZA,-34.0527,23.3716,67.06,90,100,5.93,overcast clouds
608,Longkou,CN,37.6508,120.3286,28.76,46,4,9.64,clear sky
609,Baykit,RU,61.67,96.37,-40.77,100,90,1.86,overcast clouds
610,Ayolas,PY,-27.4,-56.9,74.28,48,0,4.03,clear sky
611,Guadalupe Y Calvo,MX,26.1,-106.9667,36.16,71,2,5.39,clear sky
612,Swift Current,CA,50.2834,-107.8014,20.21,93,100,5.75,overcast clouds
613,Lexington,US,37.9887,-84.4777,37.4,56,0,5.75,clear sky
614,Lorengau,PG,-2.0226,147.2712,83.77,68,76,3.44,broken clouds
615,Kumano,JP,34.3442,132.5894,50.92,77,75,7.27,broken clouds
616,Valdivia,CL,-39.8142,-73.2459,62.69,58,100,3.38,overcast clouds
617,Vizinga,RU,61.0749,50.1031,16.21,92,100,10.25,overcast clouds
618,Dodge City,US,37.7528,-100.0171,61.05,29,0,13.8,clear sky
619,Pandan,PH,14.0453,124.1694,78.64,90,100,10.76,overcast clouds
620,Damghan,IR,36.1683,54.348,28.89,49,10,0.67,clear sky
621,Conceicao Da Barra,BR,-18.5933,-39.7322,75.07,82,100,6.29,overcast clouds
622,Karagay,RU,58.2667,54.9368,6.48,88,84,9.33,broken clouds
623,Ayni,TJ,39.3941,68.5377,3.94,39,0,6.8,clear sky
624,Komsomolets,KZ,53.7453,62.0708,6.03,75,12,7.52,few clouds
625,Ardakan,IR,32.31,54.0175,35.37,48,0,4.9,clear sky
626,Mezen,RU,65.8522,44.24,30.85,92,100,16.04,overcast clouds
627,Micheweni,TZ,-4.9667,39.8333,80.74,78,28,12.97,scattered clouds
628,Nagua,DO,19.3832,-69.8474,71.1,66,59,10.8,broken clouds
629,Orcopampa,PE,-15.2661,-72.3417,47.86,70,87,1.99,overcast clouds
630,Dobryanka,RU,58.4619,56.4165,7.9,89,70,9.22,broken clouds
631,Ternate,ID,0.8,127.4,83.55,68,90,2.89,overcast clouds
632,Miri,MY,4.4148,114.0089,80.74,83,40,2.3,scattered clouds
633,Watsa,CD,3.0372,29.5355,66.09,48,82,2.08,broken clouds
634,Mangochi,MW,-14.4782,35.2645,70.29,94,100,2.13,light rain
635,Carman,CA,49.4992,-98.0016,23.09,93,100,2.3,overcast clouds
636,Effium,NG,6.6292,8.0593,73.42,24,9,1.59,clear sky
637,Si Sa Ket,TH,14.8333,104.3333,74.88,60,1,7.65,clear sky
638,Loiza,PR,18.4313,-65.8802,72.68,92,100,9.22,heavy intensity rain
639,Salinopolis,BR,-0.6136,-47.3561,75.29,88,100,2.39,overcast clouds
640,Coos Bay,US,43.3665,-124.2179,47.93,94,75,8.05,broken clouds
641,Sestri Levante,IT,44.2732,9.3968,55.06,89,79,3.0,broken clouds
642,Hongjiang,CN,27.11,109.9956,36.3,59,87,4.07,overcast clouds
643,Mujiayingzi,CN,42.1167,118.7833,10.94,47,0,8.12,clear sky
644,Tazovskiy,RU,67.4667,78.7,-8.43,96,100,15.95,overcast clouds
645,Matay,EG,28.419,30.7792,51.85,54,61,6.49,broken clouds
646,Nizwa,OM,22.9333,57.5333,61.11,57,53,1.97,broken clouds
647,Alyangula,AU,-13.8483,136.4192,84.83,68,96,5.12,overcast clouds
648,Ilo,PE,-17.6394,-71.3375,69.76,82,10,3.38,clear sky
649,Ulaangom,MN,49.9811,92.0667,-19.26,95,91,2.24,overcast clouds
650,Shenzhen,CN,22.5455,114.0683,56.14,77,100,10.33,overcast clouds
651,Toba,JP,34.4833,136.85,51.8,63,100,21.14,overcast clouds
652,Zorritos,PE,-3.6805,-80.6782,79.09,66,100,7.56,overcast clouds
653,Tateyama,JP,34.9833,139.8667,49.1,83,100,1.48,light rain
654,Acarau,BR,-2.8856,-40.12,77.45,87,100,10.45,overcast clouds
655,The Pas,CA,53.8251,-101.2541,6.82,85,20,6.91,few clouds
656,Takoradi,GH,4.8845,-1.7554,78.4,84,6,5.08,clear sky
657,Kidal,ML,18.4411,1.4078,62.1,20,0,11.34,clear sky
658,Fez,MA,34.0372,-4.9998,43.05,93,20,8.05,few clouds
659,Bull Savanna,JM,17.8868,-77.5902,66.88,75,0,7.61,clear sky
660,Sezze,IT,41.5033,13.0641,52.81,88,93,1.01,overcast clouds
661,Port Hardy,CA,50.6996,-127.4199,44.78,100,100,2.3,light intensity shower rain
662,Zhoucheng,CN,35.9122,116.3117,24.35,56,3,4.63,clear sky
663,Point Pedro,LK,9.8167,80.2333,76.15,74,100,8.57,overcast clouds
664,Champerico,GT,14.3,-91.9167,78.3,76,3,1.79,clear sky
665,Luchegorsk,RU,46.4764,134.2569,-13.22,92,67,4.9,broken clouds
666,Tayu,ID,-6.5397,111.0518,83.1,72,100,3.94,overcast clouds
667,Tamandare,BR,-8.7597,-35.1047,76.44,77,34,3.11,scattered clouds
668,Paita,PE,-5.0892,-81.1144,70.09,78,100,11.81,overcast clouds
669,Cam Ranh,VN,11.9214,109.1591,76.96,69,20,6.91,few clouds
670,Gimli,CA,50.6336,-96.9907,26.62,86,100,2.3,overcast clouds
671,Ingham,US,42.6,-84.3833,31.77,68,0,10.36,clear sky
672,Sola,VU,-13.8833,167.55,81.54,75,90,11.36,overcast clouds
673,Aras,ES,42.5617,-2.356,39.63,87,40,4.61,light snow
674,Xinyang,CN,32.1228,114.0656,30.81,47,1,3.4,clear sky
675,Aykhal,RU,66.0,111.5,-51.72,100,63,4.54,broken clouds
676,Hirara,JP,24.8,125.2833,60.66,88,75,26.46,broken clouds
677,Petropavlovsk-Kamchatskiy,RU,53.0452,158.6483,12.79,34,2,26.84,clear sky
678,Eyl,SO,7.9803,49.8164,73.33,72,49,13.91,scattered clouds
679,Jiquipilas,MX,16.6667,-93.65,63.84,87,5,1.95,clear sky
680,Davila,PH,18.4726,120.5763,78.78,85,99,30.47,overcast clouds
681,Show Low,US,34.2542,-110.0298,35.89,83,75,13.8,broken clouds
682,Urucara,BR,-2.5364,-57.76,72.01,99,100,2.86,light rain
683,Egvekinot,RU,66.3167,-179.1667,-16.1,83,68,20.62,broken clouds
684,Sulangan,PH,11.1373,123.7228,80.56,78,13,1.1,few clouds
685,Sayyan,YE,15.1718,44.3244,48.94,46,4,1.52,clear sky
686,Roma,US,43.2128,-75.4557,20.95,88,75,5.75,broken clouds
687,Sisimiut,GL,66.9395,-53.6735,2.05,90,99,36.1,overcast clouds
688,Khonsa,IN,27.0167,95.5667,53.58,70,37,1.59,scattered clouds
689,Varzea Da Palma,BR,-17.5981,-44.7308,72.59,82,100,2.35,overcast clouds
690,Tver,RU,56.8619,35.8931,22.69,92,99,15.26,overcast clouds
691,Bonoua,CI,5.2741,-3.595,82.02,89,4,2.84,light rain
692,Lasem,ID,-6.6922,111.4527,81.84,77,100,4.83,overcast clouds
693,Waddan,LY,29.1614,16.139,49.46,75,0,3.53,clear sky
694,Cermik,TR,38.1361,39.4493,43.05,77,100,3.31,overcast clouds
695,Igarka,RU,67.4667,86.5833,-22.86,95,100,10.36,overcast clouds
696,La Rioja,ES,42.25,-2.5,29.98,75,100,14.54,overcast clouds
697,Sabha,LY,27.0377,14.4283,48.25,56,0,4.88,clear sky
698,Byron Bay,AU,-28.65,153.6167,81.95,61,66,10.29,broken clouds
699,Sadao,TH,6.6388,100.4234,76.82,83,61,2.28,broken clouds
700,Ust-Ilimsk,RU,58.0006,102.6619,-13.67,100,100,1.92,overcast clouds
701,Udachnyy,RU,66.4167,112.4,-60.48,100,67,3.06,broken clouds
702,Kedrovyy,RU,56.1667,91.8167,10.87,93,100,10.71,overcast clouds
703,Ndioum,SN,16.5129,-14.6471,74.95,12,3,10.94,clear sky
704,Puerto Baquerizo Moreno,EC,-0.9,-89.6,74.32,87,24,8.23,few clouds
705,Oliva,ES,38.9197,-0.1194,53.73,58,42,10.0,scattered clouds
